{"offset": -101261.88888888889, "ultimo_peso": 0, "coleta_status": "inativa", "reference_unit": 99.67659574468081}